# Charlas de memoria conversacional - conjunto A - redactor de pruebas (verificador independiente, regla 5.10)

Oye, te voy a contar cómo fue mi fin de semana con la familia.
Vivo con mi hermano Andrés y con mi perra, que se llama Toffee.
El sábado fuimos a la finca de mi tía Rosario, que queda cerca de Girardot.
Llegamos como a las nueve de la mañana y nos quedamos hasta el domingo al mediodía.
Mi tía tiene tres gallinas y un caballo que se llama Lucero.
Andrés se cayó de una hamaca y se golpeó el codo, menos mal no fue nada grave.
Toffee se pasó todo el sábado ladrándole a las gallinas.
El domingo cocinamos un sancocho entre todos.
Bueno, ahora te voy a preguntar algo para ver si te acuerdas de lo que te conté.
¿Toffee es un gato?	no
¿Cómo se llama el caballo de mi tía?	/lucero/i
¿Cuántas gallinas tiene mi tía?	/tres/i
¿Cuántos años tiene mi tía Rosario?	no lo sé
¿Quién se cayó de la hamaca?	Andrés

Te cuento cómo me ha ido en el trabajo nuevo.
Ahora trabajo en una ferretería que queda en el centro de Pereira.
Empecé a trabajar ahí hace cuatro meses, en marzo.
Mi jefe se llama don Édgar y es muy estricto con los horarios.
Trabajo de lunes a sábado, de siete de la mañana a cinco de la tarde.
Mi compañera de turno se llama Yuliana, ella maneja la caja registradora.
La semana pasada se dañó la nevera de bebidas y tocó llamar a un técnico.
Los domingos los tengo libres y los aprovecho para visitar a mis papás en Dosquebradas.
Ahora sí, dime si te acuerdas de lo que te conté.
¿Trabajo de lunes a sábado?	sí
¿Cómo se llama mi jefe?	Édgar
¿En qué ciudad queda la ferretería?	/pereira/i
¿Cuándo empecé a trabajar en la ferretería?	marzo
¿Cuánto le pagaron al técnico por la reparación de la nevera?	no lo sé

Te voy a contar cómo es mi barrio.
Mi barrio se llama Villa Esperanza.
Al frente de mi casa vive un señor que se llama don Norberto, es viudo y vive solo.
Al lado vive una familia con dos niños pequeños, los papás se llaman Patricia y Wilmer.
Los niños se llaman Samuel y Juliana, y Samuel tiene siete años.
La semana pasada se fue la luz como tres horas por un daño del transformador.
Don Norberto nos ayudó a todos prestando su planta eléctrica.
Ahora te pregunto para ver qué te quedó de todo esto.
¿Don Norberto vive solo?	sí
¿Cómo se llama la mamá de Samuel y Juliana?	Patricia
¿Cuántos años tiene Samuel?	/siete/i
¿Cuántos años tiene Juliana?	no lo sé

Te cuento del curso de inglés que estoy tomando.
Estoy tomando un curso de inglés los martes y jueves en la noche.
El curso queda en un instituto que se llama Global Idiomas, cerca del parque principal.
La profesora se llama Karen y es de Barranquilla.
Somos doce personas en el curso.
La semana pasada tuvimos el primer examen y me fue bien.
Mi compañero de puesto se llama Faber, él sí perdió el examen.
El curso dura seis meses y ya llevamos dos.
Bueno, a ver qué tanto te acuerdas.
¿El curso es los lunes y miércoles?	no
¿De dónde es la profesora Karen?	/barranquilla/i
¿Cuántas personas somos en el curso?	/doce/i
¿Quién perdió el examen?	Faber
¿Cuánto cuesta la mensualidad del curso?	no lo sé

Te cuento de un viaje que hice el mes pasado.
El mes pasado fui a Santa Marta con dos amigas del trabajo.
Nos quedamos en un hotel que se llama Brisas del Mar, cerca de la playa.
Viajamos en bus y el viaje duró como diez horas desde Bogotá.
Una de mis amigas se llama Norma y la otra se llama Ingrid.
El segundo día fuimos a Tayrona pero nos tocó devolvernos temprano porque empezó a llover fuerte.
Ingrid perdió las gafas de sol en la playa el primer día.
Comimos pescado frito casi todos los días.
Dime, ¿qué te quedó del cuento?
¿Viajamos en avión?	no
¿Cuánto duró el viaje en bus?	/diez/i
¿Quién perdió las gafas de sol?	Ingrid
¿Cuánto costó el hotel por noche?	no lo sé

Te cuento de la huerta que tengo en el patio de mi casa.
En el patio de mi casa tengo una huerta pequeña.
Siembro tomate, cilantro y unas matas de fresa.
Mi vecino Heriberto me regaló las matas de fresa hace dos meses.
Todos los días riego la huerta antes de irme a trabajar.
Hace poco las plantas de tomate se llenaron de un bicho blanco y tocó fumigar.
Mi sobrina Valentina viene los fines de semana a ayudarme a recoger lo que ya está maduro.
La semana pasada cosechamos las primeras seis fresas.
Ahora dime qué te acuerdas de la huerta.
¿Riego la huerta antes de ir a trabajar?	sí
¿Quién me regaló las matas de fresa?	Heriberto
¿Cuántas fresas cosechamos la semana pasada?	/seis/i
¿Quién me ayuda a recoger la cosecha los fines de semana?	Valentina
¿Cuántas matas de tomate tengo sembradas?	no lo sé

Te cuento de la fiesta de cumpleaños de mi papá.
El sábado pasado celebramos el cumpleaños de mi papá, cumplió sesenta años.
Hicimos la fiesta en la casa de mi hermana Consuelo, en el barrio Laureles.
Llegaron como veinticinco personas entre familia y amigos.
Contratamos un mariachi para que le cantara a las siete de la noche.
Mi papá se llama Gilberto y le encantó la sorpresa.
El pastel lo hizo mi cuñado Ramiro, era de tres leches.
A la fiesta llegó tarde mi tío Aurelio porque se le dañó el carro en la carretera.
Bueno, cuéntame qué te acuerdas de la fiesta.
¿Mi papá cumplió cincuenta años?	no
¿Cuántas personas llegaron a la fiesta?	/veinticinco/i
¿Quién hizo el pastel?	Ramiro
¿A qué hora terminó la fiesta?	no lo sé
