# Reserva G-45-a — conversaciones nuevas, redactadas después de congelar el motor.
# Formato: turno TAB esperado. Sin TAB: se dice y no se califica. Línea en blanco: conversación nueva.

Marta tiene cuarenta y dos años.
Marta vive en la ciudad de Cali.
Marta trabaja como enfermera en el hospital central.
Diego es el hermano menor de Marta y tiene treinta y cinco años.
¿Cuántos años tiene Marta?	/cuarenta y dos/i
¿Dónde vive Marta?	/cali/i
¿Marta trabaja como enfermera?	sí
¿Cuál es la profesión de Diego?	no lo sé

La tienda La Espiga queda en la calle Novena con carrera Quinta.
La tienda abre a las siete de la mañana y cierra a las ocho de la noche.
El dueño de la tienda se llama Roberto.
¿A qué hora abre la tienda La Espiga?	/siete/i
¿Quién es el dueño de la tienda?	/roberto/i
¿La tienda cierra a las nueve de la noche?	no
¿Cuántos empleados tiene la tienda?	no lo sé

Sobre la mesa hay un jarrón azul y un libro rojo.
El jarrón azul pesa dos kilos.
El libro rojo se titula Historias del Río.
Ana compró el jarrón azul la semana pasada.
¿De qué color es el jarrón?	/azul/i
¿Quién compró el jarrón?	/ana/i
¿Cómo se titula el libro rojo?	/historias/i
¿El libro rojo es de Ana?	no lo sé

Pedro nació en Bogotá y ahora vive en Medellín.
Pedro tiene un perro llamado Rocky.
Rocky es de raza labrador y tiene tres años.
¿Pedro vive en Bogotá?	no
¿Cómo se llama el perro de Pedro?	/rocky/i
¿De qué raza es Rocky?	/labrador/i
¿Rocky es un perro?	sí

En el salón hay veinte sillas y cinco mesas.
Cada mesa tiene cuatro sillas alrededor.
El salón pertenece a la escuela San Jorge.
¿Cuántas sillas hay en el salón?	/veinte/i
¿Cuántas mesas hay en el salón?	/cinco/i
¿A qué escuela pertenece el salón?	/san jorge/i
¿Cuántos salones tiene la escuela?	no lo sé

Laura viajó de Barranquilla a Cartagena en autobús.
El viaje duró cuatro horas.
Laura se hospedó en el hotel Las Palmas.
¿A dónde viajó Laura?	/cartagena/i
¿En qué medio de transporte viajó Laura?	/autob/i
¿Laura viajó en avión?	no
¿En qué hotel se hospedó Laura?	/palmas/i

Camila tiene dos hijos: Julián y Sofía.
Julián tiene ocho años y Sofía tiene cinco años.
Camila le regaló una bicicleta roja a Julián.
¿Cuántos hijos tiene Camila?	/dos/i
¿Cómo se llama el hijo mayor de Camila?	/juli.n/i
¿Qué le regaló Camila a Sofía?	no lo sé
¿De qué color es la bicicleta de Julián?	/roja/i

El señor Gómez tiene una finca llamada El Recreo.
En la finca hay treinta vacas y diez caballos.
La finca está ubicada cerca del río Magdalena.
¿Cómo se llama la finca del señor Gómez?	/recreo/i
¿Cuántas vacas hay en la finca?	/treinta/i
¿La finca está ubicada cerca del río Cauca?	no
¿Cerca de qué río está ubicada la finca?	/magdalena/i

# Reserva G-45b — conversaciones nuevas para verificación independiente
# Formato: dicho<TAB>esperado ; línea sin TAB = no calificado ; línea en blanco = nueva conversación ; # = comentario

Marta vive en Cartagena.
Marta tiene treinta y dos años.
El hermano de Marta se llama Ricardo.
Ricardo trabaja en un hospital.
Marta y Ricardo tienen un perro llamado Toby.
¿Dónde vive Marta?	Cartagena
¿Marta vive en Cartagena?	sí
¿Cómo se llama el hermano de Marta?	Ricardo
¿Dónde trabaja Ricardo?	hospital
¿Cómo se llama el perro de Marta y Ricardo?	Toby
¿Cuántos años tiene Ricardo?	no lo sé
¿El perro de Marta y Ricardo es grande?	sin afirmar

La papelería Rincón queda en la calle novena.
La papelería Rincón abre a las ocho de la mañana.
El dueño de la papelería se llama Fernando.
La papelería vende cuadernos, lápices y pegante.
¿En qué calle queda la papelería Rincón?	novena
¿A qué hora abre la papelería Rincón?	ocho
¿Cómo se llama el dueño de la papelería Rincón?	Fernando
¿La papelería Rincón vende pegante?	sí
¿La papelería Rincón vende balones?	no lo sé
¿A qué hora cierra la papelería Rincón?	no lo sé

El carro de Alejandra es azul.
El carro de Alejandra es un modelo del año dos mil dieciocho.
Alejandra compró el carro en Medellín.
El carro de Alejandra tiene cuatro puertas.
¿De qué color es el carro de Alejandra?	azul
¿Cuántas puertas tiene el carro de Alejandra?	cuatro
¿Dónde compró Alejandra el carro?	Medellín
¿El carro de Alejandra es rojo?	no
¿Cuánto pagó Alejandra por el carro?	no lo sé

Camilo es profesor de matemáticas.
Camilo enseña en un colegio llamado San Rafael.
Camilo tiene veintiocho estudiantes en su salón.
La esposa de Camilo se llama Paula y es enfermera.
¿Qué materia enseña Camilo?	matemáticas
¿Cómo se llama el colegio donde enseña Camilo?	Rafael
¿Cuántos estudiantes tiene Camilo en su salón?	/veintiocho|28/i
¿Cómo se llama la esposa de Camilo?	Paula
¿A qué se dedica Paula, la esposa de Camilo?	enfermera
¿Camilo es profesor de historia?	no

Sandra viajó a San Andrés en enero.
Sandra se quedó en San Andrés una semana.
Sandra viajó con su prima Lucía.
En San Andrés, Sandra y Lucía visitaron el acuario.
¿A dónde viajó Sandra?	Andrés
¿Cuánto tiempo se quedó Sandra en San Andrés?	semana
¿Con quién viajó Sandra a San Andrés?	Lucía
¿Qué visitaron Sandra y Lucía en San Andrés?	acuario
¿Sandra viajó en diciembre?	no
¿Cuánto costó el viaje de Sandra?	no lo sé

La casa de los Gómez tiene un jardín grande.
La casa de los Gómez tiene tres habitaciones.
El techo de la casa de los Gómez es de color verde.
La casa de los Gómez queda cerca de un parque.
¿Cuántas habitaciones tiene la casa de los Gómez?	tres
¿De qué color es el techo de la casa de los Gómez?	verde
¿La casa de los Gómez tiene piscina?	no lo sé
¿La casa de los Gómez queda cerca de un parque?	sí
¿La casa de los Gómez es la más grande del barrio?	sin afirmar
