# Reserva g55_b: conversaciones nuevas de hechos y preguntas, en español corriente.
# Redactado por verificador independiente (regla 5.10), sin leer el repositorio.

Mariana vive en Trujillo.
Mariana tiene treinta y dos años.
Esteban es el hermano de Mariana.
Esteban vive en Cusco.
Mariana viajó a Cusco el martes para visitar a Esteban.
¿Mariana vive en Trujillo?	sí
¿Dónde vive Esteban?	/cusco/i
¿Cuántos años tiene Mariana?	/treinta y dos|32/i
¿Esteban es el padre de Mariana?	no
¿Cuántos años tiene Esteban?	no lo sé

Ramón compró una bicicleta roja.
La bicicleta costó doscientos dólares.
Ramón guardó la bicicleta en el garaje.
Noelia es la vecina de Ramón y tiene un perro llamado Toby.
¿De qué color es la bicicleta de Ramón?	/roja/i
¿Dónde guardó Ramón la bicicleta?	/garaje/i
¿Cómo se llama el perro de Noelia?	/toby/i
¿De qué color es el perro de Noelia?	no lo sé

El pueblo de Zamora tiene tres mil habitantes.
En Zamora hay una plaza principal y una iglesia antigua.
Custodia es la alcaldesa de Zamora y lleva cuatro años en el cargo.
El río Duero pasa cerca de Zamora.
¿Cuántos habitantes tiene Zamora?	/tres mil|3000|3\.000/i
¿Quién es la alcaldesa de Zamora?	/custodia/i
¿Cuántos años lleva Custodia en el cargo?	/cuatro/i
¿Hay una iglesia en Zamora?	sí
¿Qué río pasa cerca de Zamora?	/duero/i

Fabricio organizó una cena para doce personas.
La cena fue en su casa el sábado por la noche.
Lucía llevó un pastel de chocolate.
Teodoro llevó una botella de vino.
Gabriel no pudo llegar porque estaba enfermo.
¿Para cuántas personas fue la cena?	/doce|12/i
¿Qué llevó Lucía?	/pastel|chocolate/i
¿Gabriel asistió a la cena?	no
¿Por qué no llegó Gabriel?	/enfermo/i

La tienda de Rocío vende zapatos y bolsos.
La tienda abre a las nueve de la mañana.
Rocío tiene dos empleados: Marcos y Silvia.
Marcos atiende la caja y Silvia acomoda la mercancía.
¿A qué hora abre la tienda?	/nueve/i
¿Quién atiende la caja?	/marcos/i
¿Silvia atiende la caja?	no
¿A qué hora cierra la tienda?	no lo sé

Ismael trabaja en una oficina de abogados.
La oficina queda en el quinto piso de un edificio.
Daniela es la jefa de Ismael.
Daniela lleva quince años trabajando allí.
¿En qué piso queda la oficina?	/quinto|5/i
¿Quién es la jefa de Ismael?	/daniela/i
¿Cuántos años lleva Daniela en la oficina?	/quince/i
¿Ismael es el jefe de Daniela?	no

Herminia sembró tomates y lechugas en su jardín.
El jardín tiene ocho metros de largo.
Su nieto Benjamín la ayuda los domingos.
Herminia riega las plantas todas las mañanas.
¿Qué sembró Herminia?	/tomates/i
¿Cuánto mide el jardín de largo?	/ocho/i
¿Quién ayuda a Herminia los domingos?	/benjamín|benjamin/i
¿Cuántas lechugas sembró Herminia?	no lo sé
